{
  "warnings": [
    {
      "file": "/Users/umang.davessar/Documents/POC/ThirdPartySDKSampleApp/ThirdPartySDKSampleApp/AppDelegate.swift",
      "line": 20,
      "symbol": "AppDelegate",
      "symbol_kind": "source.lang.swift.decl.class",
      "warning": "undocumented"
    },
    {
      "file": "/Users/umang.davessar/Documents/POC/ThirdPartySDKSampleApp/ThirdPartySDKSampleApp/AppDelegate.swift",
      "line": 22,
      "symbol": "AppDelegate.window",
      "symbol_kind": "source.lang.swift.decl.var.instance",
      "warning": "undocumented"
    },
    {
      "file": "/Users/umang.davessar/Documents/POC/ThirdPartySDKSampleApp/ThirdPartySDKSampleApp/AppDelegate.swift",
      "line": 119,
      "symbol": "AppDelegate.applicationDidBecomeActive(_:)",
      "symbol_kind": "source.lang.swift.decl.function.method.instance",
      "warning": "undocumented"
    },
    {
      "file": "/Users/umang.davessar/Documents/POC/ThirdPartySDKSampleApp/ThirdPartySDKSampleApp/AppDelegate.swift",
      "line": 123,
      "symbol": "AppDelegate.applicationWillTerminate(_:)",
      "symbol_kind": "source.lang.swift.decl.function.method.instance",
      "warning": "undocumented"
    },
    {
      "file": "/Users/umang.davessar/Documents/POC/ThirdPartySDKSampleApp/ThirdPartySDKSampleApp/DetailViewController.swift",
      "line": 23,
      "symbol": "UIImageView.setImageFromURl(stringImageUrl:)",
      "symbol_kind": "source.lang.swift.decl.function.method.instance",
      "warning": "undocumented"
    },
    {
      "file": "/Users/umang.davessar/Documents/POC/ThirdPartySDKSampleApp/ThirdPartySDKSampleApp/DetailViewController.swift",
      "line": 57,
      "symbol": "DetailViewController.lblExpiry",
      "symbol_kind": "source.lang.swift.decl.var.instance",
      "warning": "undocumented"
    },
    {
      "file": "/Users/umang.davessar/Documents/POC/ThirdPartySDKSampleApp/ThirdPartySDKSampleApp/DetailViewController.swift",
      "line": 58,
      "symbol": "DetailViewController.lblRazerID",
      "symbol_kind": "source.lang.swift.decl.var.instance",
      "warning": "undocumented"
    },
    {
      "file": "/Users/umang.davessar/Documents/POC/ThirdPartySDKSampleApp/ThirdPartySDKSampleApp/DetailViewController.swift",
      "line": 61,
      "symbol": "DetailViewController.lbluuid",
      "symbol_kind": "source.lang.swift.decl.var.instance",
      "warning": "undocumented"
    },
    {
      "file": "/Users/umang.davessar/Documents/POC/ThirdPartySDKSampleApp/ThirdPartySDKSampleApp/DetailViewController.swift",
      "line": 62,
      "symbol": "DetailViewController.imgAvatar",
      "symbol_kind": "source.lang.swift.decl.var.instance",
      "warning": "undocumented"
    },
    {
      "file": "/Users/umang.davessar/Documents/POC/ThirdPartySDKSampleApp/ThirdPartySDKSampleApp/DetailViewController.swift",
      "line": 63,
      "symbol": "DetailViewController.vw1",
      "symbol_kind": "source.lang.swift.decl.var.instance",
      "warning": "undocumented"
    },
    {
      "file": "/Users/umang.davessar/Documents/POC/ThirdPartySDKSampleApp/ThirdPartySDKSampleApp/DetailViewController.swift",
      "line": 64,
      "symbol": "DetailViewController.vw2",
      "symbol_kind": "source.lang.swift.decl.var.instance",
      "warning": "undocumented"
    },
    {
      "file": "/Users/umang.davessar/Documents/POC/ThirdPartySDKSampleApp/ThirdPartySDKSampleApp/DetailViewController.swift",
      "line": 65,
      "symbol": "DetailViewController.btnLogout",
      "symbol_kind": "source.lang.swift.decl.var.instance",
      "warning": "undocumented"
    },
    {
      "file": "/Users/umang.davessar/Documents/POC/ThirdPartySDKSampleApp/ThirdPartySDKSampleApp/TokenManager.swift",
      "line": 48,
      "symbol": "Token.isValidToSave()",
      "symbol_kind": "source.lang.swift.decl.function.method.instance",
      "warning": "undocumented"
    },
    {
      "file": "/Users/umang.davessar/Documents/POC/ThirdPartySDKSampleApp/ThirdPartySDKSampleApp/TokenManager.swift",
      "line": 66,
      "symbol": "Date.timeInString()",
      "symbol_kind": "source.lang.swift.decl.function.method.instance",
      "warning": "undocumented"
    },
    {
      "file": "/Users/umang.davessar/Documents/POC/ThirdPartySDKSampleApp/ThirdPartySDKSampleApp/TokenManager.swift",
      "line": 80,
      "symbol": "String.stringToTime()",
      "symbol_kind": "source.lang.swift.decl.function.method.instance",
      "warning": "undocumented"
    },
    {
      "file": "/Users/umang.davessar/Documents/POC/ThirdPartySDKSampleApp/ThirdPartySDKSampleApp/WebViewController.swift",
      "line": 100,
      "symbol": "WebViewController.userContentController(_:didReceive:)",
      "symbol_kind": "source.lang.swift.decl.function.method.instance",
      "warning": "undocumented"
    },
    {
      "file": "/Users/umang.davessar/Documents/POC/ThirdPartySDKSampleApp/ThirdPartySDKSampleApp/WebViewController.swift",
      "line": 105,
      "symbol": "WebViewController.webView(_:decidePolicyFor:decisionHandler:)",
      "symbol_kind": "source.lang.swift.decl.function.method.instance",
      "warning": "undocumented"
    },
    {
      "file": "/Users/umang.davessar/Documents/POC/ThirdPartySDKSampleApp/ThirdPartySDKSampleApp/WebViewController.swift",
      "line": 161,
      "symbol": "WebViewController.viewWillAppear(_:)",
      "symbol_kind": "source.lang.swift.decl.function.method.instance",
      "warning": "undocumented"
    },
    {
      "file": "/Users/umang.davessar/Documents/POC/ThirdPartySDKSampleApp/ThirdPartySDKSampleApp/WebViewController.swift",
      "line": 166,
      "symbol": "WebViewController.didReceiveMemoryWarning()",
      "symbol_kind": "source.lang.swift.decl.function.method.instance",
      "warning": "undocumented"
    }
  ],
  "source_directory": "/Users/umang.davessar/Documents/POC/ThirdPartySDKSampleApp"
}